{
  "name": "MathJax",
  "version": "2.4.0",
  "main": "./MathJax.js",
  "homepage": "http://www.mathjax.org/",
  "ignore": [
    "**/.*",
    "node_modules",
    "components"
  ],
  "keywords": [
    "math",
    "js",
    "LaTeX",
    "MathML",
    "AsciiMath"
  ],
  "_release": "2.4.0",
  "_resolution": {
    "type": "version",
    "tag": "2.4.0",
    "commit": "bd9f6e06a1aa8bfee54da9c3127609d09d15fa8b"
  },
  "_source": "git://github.com/mathjax/MathJax.git",
  "_target": "~2.4.0",
  "_originalSource": "MathJax"
}